part_number,price,manufacturer
48-126/06,4.0300,Ansell
48-126/07,4.0300,Ansell
48-126/08,4.0300,Ansell
48-126/09,4.0300,Ansell
92-471/6.5-07,51.4000,Ansell
92-471/7.5-08,51.4000,Ansell
92-471/8.5-09,51.4000,Ansell
02-100/06,66.0500,Ansell
04-414/09,48.5900,Ansell
04-414/10,48.5900,Ansell
07-111/08,174.9500,Ansell
07-112/08,188.4600,Ansell
08-354/08,66.3800,Ansell
02-100,61.9700,Ansell
04-414,48.5900,Ansell
07-111,163.0900,Ansell
07-112,188.4600,Ansell
08-354,62.0300,Ansell
19-024,284.9100,Ansell
11-435/06,79.2300,Ansell
92-670/6.5-07,68.5300,Ansell
93-250/5.5-6,80.4900,Ansell
93-250/6.5-7,80.4900,Ansell
93-250/7.5-08,80.4900,Ansell
93-250/8.5-09,80.4900,Ansell
93-250/9.5-10,80.4900,Ansell
70-123,53.9700,Ansell
92-200/6.5-7,63.8200,Ansell
92-200/7.5-08,63.8300,Ansell
92-200/8.5-09,63.8300,Ansell
92-200/9.5-10,63.8300,Ansell
92-200/10.5-11,63.8200,Ansell
43-113/10,184.6100,Ansell
43-113/11,202.3400,Ansell
37-185/11,21.8400,Ansell
37-695,14.5600,Ansell
37-185,21.8400,Ansell
58-535B,36.8400,Ansell
58-535W,28.5400,Ansell
58-335/07,31.7100,Ansell
58-335/08,31.7100,Ansell
58-335/09,31.7100,Ansell
58-335/10,31.7100,Ansell
58-335/11,31.7100,Ansell
87-600/6.5-7,9.0100,Ansell
11-800/10 (Bundle),3500.0000,Ansell
82-133/5.5-6,69.4000,Ansell
48-100/10 (BUNDLE),1329.2600,Ansell
80-400/07,42.9000,Ansell
56-100,34.2700,Ansell
FIBERTUF® 76-501/09 (BUNDLE),1656.0000,Ansell
11-625/10 (BUNDLE),6480.0000,Ansell
11-518/08 (BUNDLE),12960.0000,Ansell
48-705/07,17.1400,Ansell
48-705,17.1300,Ansell
39-124/07,23.1200,Ansell
39-124,23.1200,Ansell
87-900/10.5-11 (BUNDLE),1052.9300,Ansell
Comaflame/11,746.5200,Ansell
48-128/06,3.9500,Ansell
48-128/07,3.9500,Ansell
48-128/08,3.9400,Ansell
48-128,3.9500,Ansell
WH20-B-00-111/S,26.4500,Ansell
WH20-B-00-111/XL,26.4500,Ansell
WH20-B-00-111/2XLarge,26.4600,Ansell
WH20-B-00-111/3XLarge,31.7700,Ansell
WH20-B-00-111,26.2500,Ansell
48-126/10 (BUNDLE),477.3600,Ansell
56-100 (BUNDLE),277.2500,Ansell
76-200/07,4.5400,Ansell
76-200,4.5400,Ansell
WH20-B-00-111/XL (BUNDLE),840.0000,Ansell
93-833/7.5-8 (BUNDLE),756.0000,Ansell
93-852/6.5-7,84.8000,Ansell